Sl.,State,State,State,District,Assessment Unit,Total,Recharge,Recharge,Recharge,Recharge,Recharge,Total,Total Natural,Annual,Irrigation,Industrial,Domestic,Total,Annual GW,Net Ground,Stage of,Categorization
No,code,District,District,,Name,Geographical,Worthy,from,from Other,from,from Other,Annual,Discharges,Extractable,Use (Ham),Use (Ham),Use (Ham),Extraction,Allocation,Water,Ground,(OE/Critical/
"",,Code,Block,,,Area,Area,Rainfall-,Sources-,Rainfall-,Sources-,Ground,(Ham),Ground,,,,(Ham),for,Availability,Water,Semi critical/
"",,,Code,,,,,Monsoon,Monsoon,Non-,Non-,Water,,Water,,,,,Domestic,for future,Extraction,Safe)
"",,,,,,,,,,Monsoon,Monsoon,(Ham),,Resource,,,,,Use as on,use  (Ham),(%),
"",,,,,,,,,,,,Recharge,,(Ham),,,,,2025  (Ham),,,
1,MH,MH01,MH010100,Ahmednagar,Akola,123350,123350,5177,596.7,780.3,2235.7,8789.8,439.5,8350.3,5994.7,0,649.5,6644.2,649.5,2367.6,79.6,semi_critical
2,MH,MH01,MH010200,Ahmednagar,Jamkhed,68603,68603,4420.3,387.8,684.9,1095.7,6588.8,329.4,6259.4,3591.1,0,286.9,3878,286.9,2381.4,62,safe
3,MH,MH01,MH010300,Ahmednagar,Karjat,139398,139398,7782.1,1022,1567.9,2659.7,13031.6,651.6,12380,7176.8,0,241.9,7418.7,241.9,4961.3,59.9,safe
4,MH,MH01,MH010400,Ahmednagar,Kopargaon,66643.39,66643.39,3490.2,866.9,578.7,3199,8134.9,415.4,7719.5,6723.3,0,469.8,7193.2,469.8,1436.7,93.2,critical
5,MH,MH01,MH010500,Ahmednagar,Nagar,131868,131868,8009.3,918.7,1378.8,2300.6,12607.4,630.4,11977.1,7568.6,0,436.5,8005.1,436.5,4033.3,66.8,safe
6,MH,MH01,MH010600,Ahmednagar,Newasa,132780,132780,8212.1,1717.2,1185.1,6541.5,17655.9,882.8,16773,14122.1,0,448.1,14570.2,458.7,3259.9,86.9,semi_critical
7,MH,MH01,MH010700,Ahmednagar,Parner,177332,177332,9951.6,1528.7,1739.3,3715.1,16934.7,863.2,16071.5,5916,0,709.4,6625.4,709.4,9446.2,41.2,safe
8,MH,MH01,MH010800,Ahmednagar,Pathardi,110910,110910,7296.1,449,1197.3,2538,11480.3,574,10906.3,8619.4,0,479,9098.4,479,2814.6,83.4,semi_critical
9,MH,MH01,MH010900,Ahmednagar,Rahuri,93486,93486,4853.6,1802.3,897.5,5900.4,13453.8,672.7,12781.1,11776.7,0,393.3,12170,394.2,2783.6,95.2,critical
10,MH,MH01,MH011000,Ahmednagar,Rhata,65448.4,65448.4,3409.2,904.8,532.2,3476.7,8323,416.1,7906.8,8773.4,0,213.2,8986.6,213.2,109.2,113.7,over_exploited
11,MH,MH01,MH011100,Ahmednagar,Sangamner,164094.93,164094.93,9044.6,884.7,949.1,3614.8,14493.2,724.7,13768.6,12014.9,0,773.8,12788.7,773.8,2665.2,92.9,critical
12,MH,MH01,MH011200,Ahmednagar,Shevgaon,94578,94578,6398.1,359,755.8,1783.2,9296.1,464.8,8831.3,6955.6,0,403.8,7359.4,403.8,2198.7,83.3,semi critical
13,MH,MH01,MH011300,Ahmednagar,Shrigonda,135667,135667,6048,921.3,1608.9,3319.9,11898.2,693.6,11204.6,8417.3,0,328.4,8745.6,328.4,3134,78.1,semi_critical
14,MH,MH01,MH011400,Ahmednagar,Shrirampur,58316.28,58316.28,3322.1,966.9,542.7,3545.3,8377,418.9,7958.1,6938.6,0,363.2,7301.8,363.2,1554,91.8,critical
15,MH,MH02,MH020100,Akola,Akola,99521.87,99521.87,3642.7,242.7,54.4,795.9,4735.8,288.9,4446.9,2109.7,0.2,522.1,2632,564.1,1814.9,59.2,safe
16,MH,MH02,MH020200,Akola,Akot,80449.23,80449.23,3641.4,134.1,53.2,820.1,4648.8,304.3,4344.5,2677.5,0,138,2815.4,192.8,1529.1,64.8,safe
17,MH,MH02,MH020300,Akola,Balapur,67013.08,67013.08,3882.6,164.2,21,651.5,4719.5,317.5,4402,2440.5,0.3,268.3,2709.1,268.9,1701,61.5,safe
18,MH,MH02,MH020400,Akola,Barsi Takli,68347.37,68347.37,4601.3,368,57.8,1080.6,6107.7,463.3,5644.4,3312.1,0,719.1,4031.3,719.1,1613.2,71.4,semi_critical
19,MH,MH02,MH020500,Akola,Murtizapur,76798.03,76798.03,4119.6,309.9,7.2,1095.9,5532.6,293.4,5239.2,3233.1,0.1,244.4,3477.6,257,1761.6,66.4,safe
20,MH,MH02,MH020600,Akola,Patur,59873.3,59873.3,4861.4,293.6,9,1150.9,6314.9,373.6,5941.4,3522.3,0,228.4,3750.7,228.4,2196.8,63.1,safe
21,MH,MH02,MH020700,Akola,Telhara,62161.99,62161.99,4100.5,167.8,4.8,3305.4,7578.5,740.2,6838.3,4248.8,0,134.3,4383.1,145.3,2490.2,64.1,safe
22,MH,MH03,MH030100,Amravati,Achlapur,63812,63812,4764.5,322,143.3,2766.2,7996,747.9,7248.1,5583.2,0,424,6007.2,425.3,2029.4,82.9,semi_critical
23,MH,MH03,MH030200,Amravati,Amravati,80309,80309,5751.7,317.3,116.6,1427.7,7613.3,578.3,7035,4315.9,0,426.1,4741.9,443.2,2293.1,67.4,safe
24,MH,MH03,MH030300,Amravati,Anjangaon Surji,52089,52089,2338,111.6,105,2882.9,5437.4,383,5054.4,2558.7,0,97.9,2656.7,111.9,2397.8,52.6,safe
25,MH,MH03,MH030400,Amravati,Bhatkuli,57991,57991,346.2,13.2,10.1,41.7,411.2,20.6,390.6,185,0,28.9,213.8,831.8,176.8,54.7,safe
26,MH,MH03,MH030500,Amravati,Chandur Bazar,66563,66563,4710.8,266.4,32.5,1673.8,6683.5,486.8,6196.6,6904.4,0,369.9,7274.3,369.9,1403.3,117.4,over_exploited
27,MH,MH03,MH030600,Amravati,Chandur Railway,47062,47062,3930.7,225.8,134.7,1043.6,5334.8,323.5,5011.4,2585.9,0,601.3,3187.2,601.3,1989.7,63.6,safe
28,MH,MH03,MH030700,Amravati,Chikhaldara,31728,31728,2353.9,196.2,23.9,644.9,3218.8,248.2,2970.6,1693,0,154.4,1847.4,154.4,1192.2,62.2,safe
29,MH,MH03,MH030800,Amravati,Daryapur,77689,77689,0,0,0,0,0,0,0,0,0,0,0,189.8,0,,salinity
30,MH,MH03,MH030900,Amravati,Dhamangaon,59692,59692,4770,159.5,187.1,1076.9,6193.5,452.5,5741,3273.8,0,464.1,3737.9,464.1,2003.1,65.1,safe
"",,,,,Railway,,,,,,,,,,,,,,,,,
31,MH,MH03,MH031000,Amravati,Dharni,39180,39180,2744,173.6,0,933.6,3851.2,226.6,3624.7,1659.3,0,207.6,1866.9,207.6,1765.3,51.5,safe
32,MH,MH03,MH031100,Amravati,Morshi,70106,70106,5437.9,937.3,13.9,3112.3,9501.3,620.2,8881.1,6982.5,0,402.9,7385.4,402.9,1681.4,83.2,semi_critical
33,MH,MH03,MH031200,Amravati,Nandgaon,70595,70595,5490.9,371.6,261.1,1312.2,7435.7,372.1,7063.6,4655.4,0,442.7,5098,442.7,2165.5,72.2,semi_critical
34,MH,MH03,MH031300,Amravati,Tiwsa,53891,53891,4472.2,365.6,115.5,4080.2,9033.5,483.7,8549.8,5298.2,0,231.8,5529.9,231.8,3117.1,64.7,safe
35,MH,MH03,MH031400,Amravati,Warud,68532,68532,6383.6,1126.7,84.5,3487.9,11082.7,1027.5,10055.2,11779.7,0,358.2,12137.9,358.2,36.5,120.7,over_exploited
36,MH,MH04,MH040100,Aurangabad,Aurangabad,147407.25,147407.25,8278.3,772.7,442.9,4337.2,13831,691.5,13139.5,8275.3,0,665.5,8940.8,665.5,4198.7,68,safe
37,MH,MH04,MH040200,Aurangabad,Fulambre,39998.75,39998.75,3457.1,241.2,131.1,1341.6,5171,258.6,4912.4,3367.4,0,127.9,3495.4,127.9,1417.1,71.2,semi_critical
38,MH,MH04,MH040300,Aurangabad,Gangapur,128019,128019,10303.8,1000.4,650.7,3305.2,15260.1,785.3,14474.8,8708.7,0,497.2,9205.9,497.2,5268.9,63.6,safe
39,MH,MH04,MH040400,Aurangabad,Kannad,128047,128047,13329.2,1310.5,871.1,3467.6,18978.3,984.3,17994,10011.9,0,512.3,10524.2,512.3,7469.8,58.5,safe
40,MH,MH04,MH040500,Aurangabad,Khuldabad,43724,43724,3986.2,437.3,243.6,1871.5,6538.6,326.9,6211.7,3807.7,0,212,4019.7,211.9,2192,64.7,safe
41,MH,MH04,MH040600,Aurangabad,Paithan,149988,149988,11950.3,600.7,393.6,7448.1,20392.8,1019.7,19373.1,12353.5,0,456.1,12809.6,456.1,6563.5,66.1,safe
42,MH,MH04,MH040700,Aurangabad,Sillod,117696,117696,10265.6,590.6,533.8,3486.8,14876.9,750,14126.9,8724.1,0,392.1,9116.2,392.1,5010.7,64.5,safe
43,MH,MH04,MH040800,Aurangabad,Soyegaon,60928,60928,3513.9,233.6,359.2,1715.9,5822.6,299,5523.6,2979.4,0,108,3087.3,108,2436.3,55.9,safe
44,MH,MH04,MH040900,Aurangabad,Vaijapur,134366,134366,9674.7,2128.5,1233.6,4646.3,17683.1,884.2,16798.9,11124.4,0,491.4,11615.9,491.4,5183.1,69.1,safe
45,MH,MH05,MH050100,Beed,Ambejogai,89860,89860,7632.4,679.3,337.1,1945.2,10594,537.4,10056.6,4989.2,2.7,411.3,5403.2,411.3,4653.4,53.7,safe
46,MH,MH05,MH050200,Beed,Ashti,143644,143644,10554.4,1441,1064.4,4302.3,17362,868.1,16493.9,9451.8,4.2,899,10355,899,6138.8,62.8,safe
47,MH,MH05,MH050300,Beed,Beed,134779,134779,10164.5,1325.8,846.8,3694.6,16031.7,801.6,15230.1,9115.7,7.1,669.6,9792.4,669.6,5437.7,64.3,safe
48,MH,MH05,MH050400,Beed,Dharur,23576,23576,2042.8,214.4,93.6,671.5,3022.3,151.1,2871.1,1457.6,0.2,95.9,1553.7,95.9,1317.4,54.1,safe
49,MH,MH05,MH050500,Beed,Gevrai,147921,147921,10959.3,1264.1,1255.8,5221.6,18700.9,1023.7,17677.1,11206.2,0.5,714.4,11921,714.4,5756.1,67.4,safe
50,MH,MH05,MH050600,Beed,Kaij,132030,132030,11190.5,1102,596.1,2073.6,14962.3,748.1,14214.1,8711.4,2.1,346.3,9059.8,346.3,5154.3,63.7,safe
51,MH,MH05,MH050700,Beed,Majalgaon,92096,92096,7180.9,531.3,606.9,3828.2,12147.3,709,11438.3,6120.3,19.1,444.9,6584.2,444.9,4854.1,57.6,safe
52,MH,MH05,MH050800,Beed,Parli,63526,63526,5459.8,609.7,248.2,5621.6,11939.3,620.8,11318.5,3980.6,3.3,297.4,4281.4,297.5,7037.1,37.8,safe
53,MH,MH05,MH050900,Beed,Patoda,72377,72377,5399.9,855.1,411,2239.9,8906,450.1,8455.9,5351.1,0.3,351.9,5703.4,351.9,2752.5,67.4,safe
54,MH,MH05,MH051000,Beed,Shirur Ka,61407,61407,4289.1,680,313.5,1868,7150.7,447.9,6702.8,3788,0,332.1,4120.1,332.1,2582.7,61.5,safe
55,MH,MH05,MH051100,Beed,Wadvani,73989,73989,6028.5,544.7,385.8,2514.5,9473.5,473.7,8999.8,4274.6,0.1,334.4,4609.1,334.4,4390.7,51.2,safe
56,MH,MH06,MH060100,Bhandara,Bhandara,63776,63776,4570.9,1250,80.7,2948.5,8850.1,566,8284.1,2833.2,25.7,699,3557.9,753.9,4671.3,42.9,safe
57,MH,MH06,MH060200,Bhandara,Lakhandur,45038,45038,4953.9,32441,27.8,3266.5,40689.2,3827,36862.2,2729.8,22.7,437.5,3190,437.5,33672.2,8.7,safe
58,MH,MH06,MH060300,Bhandara,Lakhani,46600,46600,3994.7,574.5,11.7,1595.4,6176.3,308.8,5867.5,2718.7,30.8,431.4,3181,431.4,2686.5,54.2,safe
59,MH,MH06,MH060400,Bhandara,Mohadi,51494,51494,3101.6,1132.1,65.6,1867.3,6166.5,312.1,5854.4,2823.7,46.1,444.1,3314,444.6,2540,56.6,safe
60,MH,MH06,MH060500,Bhandara,Pauni,64046,64046,6396.3,7854.9,123.3,1840,16214.6,1185.7,15028.8,4964,26.6,509.6,5500.3,511.5,9526.7,36.6,safe
61,MH,MH06,MH060600,Bhandara,Sakoli,53420,53420,4588.4,631.7,13.5,2021.9,7255.6,373.2,6882.4,3045.9,16.7,528.2,3590.8,528.6,3291.2,52.2,safe
62,MH,MH06,MH060700,Bhandara,Tumsar,72123,72123,4712.8,1524,95.1,2649.2,8981.1,487.1,8494,3298.8,3,651.9,3953.7,651.9,4540.2,46.5,safe
63,MH,MH07,MH070100,Buldhana,Buldhana,60748,60748,5436.7,540.4,39.2,1940.4,7956.7,415.5,7541.2,5937.1,0,294.1,6231.2,294.1,1353.6,82.6,semi_critical
64,MH,MH07,MH070200,Buldhana,Chikhali,93581,93581,8174.9,768.3,40.4,2535.4,11518.9,610.7,10908.2,7964.2,0,362.8,8327.1,362.8,2581.1,76.3,semi_critical
65,MH,MH07,MH070300,Buldhana,Deulgaon Raja,44866,44866,4108.8,406.7,1.1,1269.5,5786.2,289.3,5496.9,3593.4,0,210.1,3803.5,210.1,1693.4,69.2,safe
66,MH,MH07,MH070400,Buldhana,Jalgaon,54218,54218,3758.7,213.1,52.2,1437.5,5461.4,291.1,5170.3,5721.1,0,170,5891.1,182.4,617.5,113.9,over_exploited
67,MH,MH07,MH070500,Buldhana,Khamgaon,96087,96087,7048.8,596.8,30,2584.4,10260,694.7,9565.3,5898,0,389.3,6287.3,389.3,3315.4,65.7,safe
68,MH,MH07,MH070600,Buldhana,Lonar,57912,57912,5301,446.4,17.9,1587.2,7352.5,507.5,6845.1,4486.4,0,273.3,4759.7,273.3,2085.4,69.5,safe
69,MH,MH07,MH070700,Buldhana,Malakapur,44372,44372,3470.3,285.9,0.1,1400.3,5156.5,264.1,4892.4,3210,0,156.1,3366,156.1,1526.4,68.8,safe
70,MH,MH07,MH070800,Buldhana,Mehkar,90285,90285,8212.7,608.6,11,2221.4,11053.7,648.4,10405.3,5932,0,378.2,6310.3,378.3,4095,60.6,safe
71,MH,MH07,MH070900,Buldhana,Motala,56018,56018,3864.5,562.5,0.1,1453.9,5880.9,312.1,5568.9,3106.4,0,244.8,3351.2,244.8,2217.6,60.2,safe
72,MH,MH07,MH071000,Buldhana,Nandura,53625,53625,3910.6,204.7,6.8,1152.2,5274.4,299.8,4974.5,3786.7,0,131.3,3918,165.5,1067.1,78.8,semi_critical
73,MH,MH07,MH071100,Buldhana,Sangrampur,51627,51627,3100.4,145.9,49.3,1176.5,4472.1,349.7,4122.4,4599.7,0,143.5,4743.1,170.9,901.1,115.1,over_exploited
74,MH,MH07,MH071200,Buldhana,Shegaon,50979,50979,2609.6,131,3.8,477.5,3221.9,191.4,3030.5,1432.4,0,214.6,1647,251.5,1383.5,54.3,safe
75,MH,MH07,MH071300,Buldhana,Sindkhed Raja,66297,66297,5863.2,595.5,12.1,1804.8,8275.6,475.9,7799.7,5159.8,0,286.3,5446.1,286.3,2353.6,69.8,safe
76,MH,MH08,MH080100,Chandrapur,Ballarpur,43059,43059,5869.6,31.5,35.5,127.7,6064.3,303.2,5761.1,492.8,1.4,531.3,1025.6,531.3,4735.5,17.8,safe
77,MH,MH08,MH080200,Chandrapur,Bhadravati,142621,142621,12784.1,259.4,279.8,636.8,13960.1,698,13262.1,1483.5,2.3,1462.6,2948.4,1462.6,10313.7,22.2,safe
78,MH,MH08,MH080300,Chandrapur,Brahmapuri,72363,72363,7350.6,122.7,11.6,475.5,7960.5,460.3,7500.2,1863.3,3.2,1436.7,3303.2,1436.8,4197,44,safe
79,MH,MH08,MH080400,Chandrapur,Chandrapur,94061,94061,9945.5,54.3,149.3,270.3,10419.5,521,9898.5,981.1,4.1,1147,2132.2,1147,7766.3,21.5,safe
80,MH,MH08,MH080500,Chandrapur,Chimmur,64777,64777,5100.3,234.4,114,507.1,5955.8,300.4,5655.4,1188.8,0.5,1349.8,2539.1,1349.8,3116.2,44.9,safe
81,MH,MH08,MH080600,Chandrapur,Gondpipri,73430,73430,7151.1,80.8,122.9,212.5,7567.2,378.4,7188.8,737.7,1.4,1099.5,1838.6,1099.5,5350.2,25.6,safe
82,MH,MH08,MH080700,Chandrapur,Jiwati,43178,43178,3129.3,96.1,57.6,175.3,3458.2,197.8,3260.5,430.5,1.2,613.4,1045.1,613.3,2215.4,32.1,safe
83,MH,MH08,MH080800,Chandrapur,Korpana,43159,43159,1994.6,235.7,39.1,466.1,2735.5,183.5,2552.1,345.3,2.6,449.7,797.7,449.7,1754.3,31.3,safe
84,MH,MH08,MH080900,Chandrapur,Mul,40572,40572,3933.8,404.7,43.7,1145.8,5528,286.1,5241.9,676.6,0.3,1032.7,1709.7,1032.7,3532.2,32.6,safe
85,MH,MH08,MH081000,Chandrapur,Nagbhind,65337,65337,6945.7,701.3,23.6,1551.1,9221.7,523.4,8698.3,1695.8,2.7,1215.5,2914.1,1215.5,5784.2,33.5,safe
"Sl.No","Statecode","StateDistrictCode","StateDistrictBlockCode",District,"Assessment UnitName","TotalGeographicalArea","RechargeWorthyArea","RechargefromRainfall-Monsoon","Rechargefrom OtherSources-Monsoon","RechargefromRainfall-Non-Monsoon","Rechargefrom OtherSources-Non-Monsoon","TotalAnnualGroundWater(Ham)Recharge","Total NaturalDischarges(Ham)","AnnualExtractableGroundWaterResource(Ham)","IrrigationUse (Ham)","IndustrialUse (Ham)","DomesticUse (Ham)","TotalExtraction(Ham)","Annual GWAllocationforDomesticUse as on2025  (Ham)","Net GroundWaterAvailabilityfor futureuse  (Ham)","Stage ofGroundWaterExtraction(%)","Categorization(OE/Critical/Semi critical/Safe)",
86,MH,MH08,MH081100,Chandrapur,Pobhurna,36463,36463,4008.3,152.2,76.1,488.4,4725,245.5,4479.5,620,0.3,622.4,1242.7,622.4,3236.8,27.7,safe,
87,MH,MH08,MH081200,Chandrapur,Rajura,82548,82548,7162.4,122.6,123.5,321.6,7730.1,390.9,7339.1,738.4,1.8,1237.4,1977.6,1237.4,5361.5,26.9,safe,
88,MH,MH08,MH081300,Chandrapur,Sawali,59050,59050,5067.3,1289.1,96.5,2304.3,8757.2,439.8,8317.4,594.8,0.5,1451.9,2047.3,1451.9,6270.1,24.6,safe,
89,MH,MH08,MH081400,Chandrapur,Sindewali,78649,78649,8241.7,832.1,21.2,1960.6,11055.5,688.9,10366.7,1129.4,1,2235.6,3366.1,2235.6,7000.6,32.5,safe,
90,MH,MH08,MH081500,Chandrapur,Warora,108390,108390,10229.4,527.5,277.5,1193.2,12227.6,611.4,11616.3,1967.3,0.6,1947.4,3915.2,1947.4,7701,33.7,safe,
91,MH,MH09,MH090100,Dhule,Dhule,182626,182626,13045.9,1633,0,4755.6,19434.5,1012.6,18421.9,10955.8,44.2,394,11394,394,7028,61.9,safe,
92,MH,MH09,MH090200,Dhule,Sakri,196767,196767,11221.6,3123.4,0,6480.8,20825.8,1306.7,19519,9153,8.8,526.3,9688.2,526.3,9830.8,49.6,safe,
93,MH,MH09,MH090300,Dhule,Shirpur,130779,130779,11320.2,1281.6,0,5548.5,18150.3,907.5,17242.8,7315.1,34.9,436.9,7786.8,436.9,9455.9,45.2,safe,
94,MH,MH09,MH090400,Dhule,Sindkheda,131960,131960,9586.5,1169.8,0,4063.5,14819.9,778.6,14041.3,6437.8,14.8,399.3,6852,399.3,7189.3,48.8,safe,
95,MH,MH10,MH100100,Gadchiroli,Aheri,114098.49,114098.49,10416.3,153.2,0,466.2,11035.7,667.2,10368.5,1158,0,417.6,1575.6,417.6,8792.8,15.2,safe,
96,MH,MH10,MH100200,Gadchiroli,Armori,63493.87,63493.87,7151.5,594.6,0,1531,9277,488,8789,2629.7,0.2,504.5,3134.4,504.5,5654.6,35.7,safe,
97,MH,MH10,MH100300,Gadchiroli,Bhamragad,37688.2,37688.2,4277.7,31.3,0,85.5,4394.6,364.4,4030.1,210.8,0,125.5,336.3,125.5,3693.8,8.3,safe,
98,MH,MH10,MH100400,Gadchiroli,Chamorshi,125583.7,125583.7,10859.3,509,0,1259.4,12627.8,773,11854.8,2593.3,1.3,1009.8,3604.5,1009.9,8250.3,30.4,safe,
99,MH,MH10,MH100500,Gadchiroli,Dhanora,75416.25,75416.25,8520.2,210,0,888.5,9618.7,502.7,9116,2172.9,0,383.5,2556.5,383.5,6559.5,28,safe,
100,MH,MH10,MH100600,Gadchiroli,Etapalli,114792.15,114792.15,12839.2,150.4,0,623.5,13613.1,717.5,12895.6,1671,0,540.5,2211.6,540.5,10684.1,17.1,safe,
101,MH,MH10,MH100700,Gadchiroli,Gadchiroli,51743.8,51743.8,6041.8,148.5,0,639,6829.3,375.6,6453.6,1443.8,0,315.6,1759.4,315.6,4694.2,27.3,safe,
102,MH,MH10,MH100800,Gadchiroli,Korchi,38658.66,38658.66,4394.4,148.7,0,464,5007.2,251.2,4756,1067.2,0,200.7,1267.9,200.7,3488.1,26.7,safe,
103,MH,MH10,MH100900,Gadchiroli,Kurkheda,76871.88,76871.88,9181.9,267.6,0,1223.9,10673.4,533.7,10139.7,3081.9,0,297.9,3379.8,297.9,6760,33.3,safe,
104,MH,MH10,MH101000,Gadchiroli,Mulchera,70866.1,70866.1,6670.6,213.3,0,664.2,7548.1,387.4,7160.7,1524.2,0,186.6,1710.8,186.6,5449.9,23.9,safe,
105,MH,MH10,MH101100,Gadchiroli,Soroncha,78563,78563,8610.1,214.2,0,1077,9901.3,535.5,9365.8,2954.7,0,392,3346.8,392,6019.1,35.7,safe,
106,MH,MH10,MH101200,Gadchiroli,Wadsa,38873,38873,3744.8,1145.8,0,1999.7,6890.3,393.7,6496.7,1304.2,0,408.6,1712.8,408.6,4783.9,26.4,safe,
107,MH,MH11,MH110100,Gondia,Amgaon,35689.05,35689.05,3236.8,687.9,93.6,1024.6,5043,252.2,4790.8,577.7,28.1,812.3,1418.1,812.3,3372.7,29.6,safe,
108,MH,MH11,MH110200,Gondia,Arjuni Moregaon,87477.02,87477.02,9239.8,1549.6,2.1,4405.5,15197.1,1125.7,14071.4,1696.6,24.9,715,2436.5,715,11634.9,17.3,safe,
109,MH,MH11,MH110300,Gondia,Deori,80783.71,80783.71,7891.5,436.4,1.8,496.3,8825.9,458.8,8367.1,813.2,12.1,462.2,1287.5,462.3,7079.6,15.4,safe,
110,MH,MH11,MH110400,Gondia,Gondia,62169.46,62169.46,5042.3,1031.5,238,2416.8,8728.5,607.9,8120.6,1611.5,100.7,1042.6,2754.7,1042.6,5365.9,33.9,safe,
111,MH,MH11,MH110500,Gondia,Goregaon,41385.44,41385.44,3639.5,535,118.3,728.7,5021.4,251.1,4770.3,1250.6,86,757.3,2093.9,757.3,2676.4,43.9,safe,
112,MH,MH11,MH110600,Gondia,Sadak Arjuni,60770.81,60770.81,5559.6,552.6,29.7,2734.3,8876.2,518.1,8358.1,2383.4,24.2,627.6,3035.2,627.6,5322.9,36.3,safe,
113,MH,MH11,MH110700,Gondia,Salekasa,39296,39296,4048.1,680.5,89.3,2017.8,6835.7,513.8,6321.8,884.6,18.2,587.9,1490.7,587.9,4831.1,23.6,safe,
114,MH,MH11,MH110800,Gondia,Tirora,52133.26,52133.26,4022.9,1209.4,72.8,2590.2,7895.3,645,7250.3,963.5,24.4,1025.2,2013.1,1025.2,5237.2,27.8,safe,
115,MH,MH12,MH120100,Hingoli,Aundha,81961,81961,8946.6,416.2,222.7,12411.9,21997.3,1116.4,20880.9,6393.4,0,651.3,7044.7,651.3,13836.2,33.7,safe,
116,MH,MH12,MH120200,Hingoli,Basmath,76436,76436,9468.6,399.6,197.5,24690.3,34756,1737.8,33018.2,10515.6,1,536.8,11053.4,536.8,22009.7,33.5,safe,
117,MH,MH12,MH120300,Hingoli,Hingoli,94832,94832,10058,788.4,289.5,2842,13977.9,698.9,13279,5002,0.8,374.1,5376.9,374.1,7902.1,40.5,safe,
118,MH,MH12,MH120400,Hingoli,Kalmnuri,94891,94891,10286.7,709.9,334.2,5325.9,16656.7,832.8,15823.9,7923.2,0.7,376.8,8300.7,376.8,7572,52.5,safe,
119,MH,MH12,MH120500,Hingoli,Sengaon,118121,118121,11383.9,682.4,311.1,3177.7,15555.1,777.8,14777.4,6452.8,0,220.1,6672.9,220.1,8104.4,45.2,safe,
120,MH,MH13,MH130100,Jalgaon,Amalner,89266,89266,7357.1,683.9,0,4662.1,12703,635.2,12067.9,7978.1,12.2,559.5,8549.8,559.5,3592.7,70.8,semi_critical,
121,MH,MH13,MH130200,Jalgaon,Bhadgaon,49142,49142,3513.9,250.9,93.7,6985.1,10843.6,755.5,10088.1,7767.9,26.1,199.3,7993.4,199.3,2094.7,79.2,semi_critical,
122,MH,MH13,MH130300,Jalgaon,Bhusawal,53818,53818,4472,341.8,0,1307.1,6120.9,306,5814.9,4202.7,18.8,275.8,4497.3,275.8,1497.7,77.3,semi_critical,
123,MH,MH13,MH130400,Jalgaon,Bodwad,35669,35669,2852.1,317.2,0,982.8,4152.1,207.6,3944.5,2819.8,0.7,217.7,3038.2,217.7,906.3,77,semi_critical,
124,MH,MH13,MH130500,Jalgaon,Chalisgaon,103335,103335,7464.3,1808.9,211.3,5600.9,15085.5,883.8,14201.7,10327.3,11.6,408.9,10747.8,408.9,3479,75.7,semi_critical,
125,MH,MH13,MH130600,Jalgaon,Chopda,110180,110180,7827.1,311,0,3573.2,11711.4,750.1,10961.3,8854.9,0.9,345.8,9201.6,345.8,2383.2,83.9,semi_critical,
126,MH,MH13,MH130700,Jalgaon,Dharangaon,45418,45418,3990.3,215.4,0,4301.6,8507.3,439.3,8068,4146.1,95.7,209.5,4451.3,209.5,3616.6,55.2,safe,
127,MH,MH13,MH130800,Jalgaon,Erandol,49177,49177,4070,180.8,5,3188.3,7444.1,373.2,7070.9,4533.9,38.9,173.7,4746.5,173.7,2324.4,67.1,safe,
128,MH,MH13,MH130900,Jalgaon,Jalgaon,83198,83198,7101.6,368.1,0,1615.9,9085.6,458.8,8626.7,4368.2,61.3,248.4,4677.8,248.4,3948.9,54.2,safe,
129,MH,MH13,MH131000,Jalgaon,Jamner,126843,126843,10544.4,588.3,0,2453.7,13586.4,679.3,12907,8456.8,0.9,657.8,9115.4,657.8,3808.5,70.6,semi_critical,
130,MH,MH13,MH131100,Jalgaon,Muktainagar,63392,63392,4289.3,411.4,0,1288.2,5988.9,306.7,5682.2,3791.1,5.8,279.8,4076.7,279.8,1605.4,71.7,semi_critical,
131,MH,MH13,MH131200,Jalgaon,Pachora,79609,79609,6635.1,673.9,7.2,3987.1,11303.4,582.5,10720.8,7251.1,2.9,368.2,7622.2,368.2,3228.4,71.1,semi_critical,
132,MH,MH13,MH131300,Jalgaon,Parola,71160,71160,4536.1,1142.7,0,3137.9,8816.8,445.8,8370.9,5741.1,17.2,450.9,6209.2,450.9,2573.8,74.2,semi_critical,
133,MH,MH13,MH131400,Jalgaon,Raver,93907,93907,7259.7,346.2,236.4,2653.1,10495.3,524.8,9970.6,12273.5,2.1,274.8,12550.5,274.8,291.7,125.9,over_exploited,
134,MH,MH13,MH131500,Jalgaon,Yawal,83769,83769,6809.9,425.2,20.6,1718.2,8973.8,481.6,8492.2,8736,18.5,217.8,8972.3,217.8,1313.4,105.7,over_exploited,
135,MH,MH14,MH140100,Jalna,Ambad,110885,110885,5490.5,455.1,0,4214.8,10160.3,508,9652.3,3911,8.5,165.9,4085.4,787.6,4945.2,42.3,safe,
136,MH,MH14,MH140200,Jalna,Badnapur,53430.66,53430.66,4400.9,309.9,1.4,1269.4,5981.6,334.2,5647.4,3533.7,5.7,121.7,3661.1,252.2,1855.9,64.8,safe,
137,MH,MH14,MH140300,Jalna,Bhokardan,127316.26,127316.26,10442.2,799.9,5.2,2834.8,14082,704.1,13377.9,7634.9,8.4,276.2,7919.5,1286.3,5030.9,59.2,safe,
138,MH,MH14,MH140400,Jalna,Ghat Sawangi,108967,108967,7895.5,319.3,0,6304.9,14519.7,758.2,13761.5,7395.3,1.1,161.1,7557.5,471.9,5893.2,54.9,safe,
139,MH,MH14,MH140500,Jalna,Jafrabad,69380.5,69380.5,6188.4,480.6,108.9,1739,8516.9,425.8,8091.1,4557.8,4.8,153,4715.6,408.9,3119.6,58.3,safe,
140,MH,MH14,MH140600,Jalna,Jalna,123892.18,123892.18,8638.6,554.1,0,2469.2,11661.9,583.1,11078.8,6786.3,7.2,214.1,7007.7,1331.4,3548.4,63.3,safe,
141,MH,MH14,MH140700,Jalna,Mantha,80364.4,80364.4,6834.4,328,0,1301.7,8464.1,426.3,8037.7,3483.6,1.9,137.5,3623,724.2,3828.1,45.1,safe,
142,MH,MH14,MH140800,Jalna,Partur,97564,97564,8377.8,314.9,0,2575.1,11267.9,563.4,10704.5,3155,31.3,197,3383.4,434.5,7083.6,31.6,safe,
143,MH,MH15,MH150100,Kolhapur,Ajara,40265.21,40265.21,4057.1,549.5,13.4,3693.2,8313.1,415.7,7897.5,3438.2,0,147.3,3585.6,147.3,4311.9,45.4,safe,
144,MH,MH15,MH150200,Kolhapur,Bhudargad,50035.28,50035.28,3056.2,585.8,8.5,3605.2,7255.8,405.7,6850.1,2862.1,0,154.6,3016.7,154.6,3833.4,44,safe,
145,MH,MH15,MH150300,Kolhapur,Chandgad,75070.95,75070.95,9751.4,889.7,0,6419.8,17060.8,853,16207.8,7308.9,0,249.8,7558.7,249.8,8649.1,46.6,safe,
146,MH,MH15,MH150400,Kolhapur,Gadhinglaj,47755.05,47755.05,4928.9,966.1,94.6,6520.7,12510.4,625.5,11884.9,6954.6,0,180.1,7134.7,180.1,4750.2,60,safe,
147,MH,MH15,MH150500,Kolhapur,Gaganbawada,12218.74,12218.74,1796.6,269.6,0,1957.7,4023.9,201.2,3822.7,676.9,0,80,757,80,3065.8,19.8,safe,
148,MH,MH15,MH150600,Kolhapur,Hatkanangale,57309,57309,4212.3,864.4,230.7,6409.2,11716.6,585.8,11130.7,6091.2,0,209.1,6300.3,209.1,4830.4,56.6,safe,
149,MH,MH15,MH150700,Kolhapur,Kagal,55651.71,55651.71,5091.4,1058.2,11.5,7558,13719.1,988.6,12730.5,5036.9,0,142.5,5179.4,142.5,7551.2,40.7,safe,
150,MH,MH15,MH150800,Kolhapur,Karvir,49220.99,49220.99,4484.4,1086.7,32.5,8317.7,13921.4,912.2,13009.2,5147.8,0,213.7,5361.5,213.7,7647.7,41.2,safe,
151,MH,MH15,MH150900,Kolhapur,Panhala,39428.57,39428.57,3715.1,914.8,0,6038.2,10668.2,609.5,10058.7,4281.2,0,219.7,4500.9,219.7,5557.7,44.7,safe,
152,MH,MH15,MH151000,Kolhapur,Radhanagari,47161.84,47161.84,6973.1,1173.8,0,9147.3,17294.1,1390.5,15903.6,4691.5,0,172.4,4863.9,172.4,11039.7,30.6,safe,
153,MH,MH15,MH151100,Kolhapur,Shahuwadi,34785.66,34785.66,3215.5,748.6,0,4075,8039.1,551.6,7487.4,1710.1,0,178.7,1888.8,178.7,5598.6,25.2,safe,
154,MH,MH15,MH151200,Kolhapur,Shirol,53273,53273,2067,1058.2,389.2,7952.8,11467.2,656.7,10810.5,3978.5,0,192.4,4170.9,192.4,6639.6,38.6,safe,
155,MH,MH16,MH160100,Latur,Ahmedpur,91041,91041,5636.9,1233.1,0,2085.3,8955.3,447.8,8507.5,3494.7,111.1,313.1,3918.8,313.1,4710.4,46.1,safe,
156,MH,MH16,MH160200,Latur,Anantpal Sh,17789,17789,1457.6,196.6,0,367.4,2021.6,101.1,1920.6,839,0,50.6,889.6,50.6,1031,46.3,safe,
157,MH,MH16,MH160300,Latur,Ausa,116191,116191,9917.1,1390.4,0,3518.9,14826.3,934.7,13891.7,6390.2,13,345.7,6748.9,345.7,7217.7,48.6,safe,
158,MH,MH16,MH160400,Latur,Chakur,47981,47981,2735.8,767.5,0,1403.7,4907,245.3,4661.6,2622,7.8,153.6,2783.5,153.6,1883.6,59.7,safe,
159,MH,MH16,MH160500,Latur,Devani,25576,25576,1589.9,345.6,0,531.2,2466.7,123.3,2343.4,905.3,0,87.7,993,87.7,1350.4,42.4,safe,
160,MH,MH16,MH160600,Latur,Jalkot,19867,19867,1152.1,310.8,0,458.2,1921.2,96.1,1825.1,650.1,0,52.5,702.5,52.5,1122.6,38.5,safe,
161,MH,MH16,MH160700,Latur,Latur,91073,91073,6866.8,1199.9,0,2837.9,10904.7,708.1,10196.6,6489.2,50.6,404.4,6944.2,404.4,3353.7,68.1,safe,
162,MH,MH16,MH160800,Latur,Nilanga,120705,120705,7543.5,1617.7,0,3270.7,12431.9,621.6,11810.3,6185.3,4.7,386.9,6577,386.9,5233.3,55.7,safe,
163,MH,MH16,MH160900,Latur,Renapur,46992,46992,2834.9,549.1,0,1135.9,4519.8,280,4239.8,2672.6,0.6,134.8,2808,134.8,1554.8,66.2,safe,
164,MH,MH16,MH161000,Latur,Udgir,86333,86333,5119,906.5,0,1897.7,7923.1,396.2,7527,3332.3,4.8,270.4,3607.5,270.4,3958,47.9,safe,
165,MH,MH17,MH170100,Nagpur,Bhiwapur,55765,55765,3498.9,316.2,57.8,583.9,4456.8,332.4,4124.5,1703,0.8,421,2124.8,421,2013.1,51.5,safe,
166,MH,MH17,MH170200,Nagpur,Hingana,63315,63315,6546.5,377.6,334.7,767.2,8026.1,401.3,7624.8,2731.6,13.7,858.7,3604,858.7,4020.8,47.3,safe,
167,MH,MH17,MH170300,Nagpur,Kalameshwar,47112,47112,4998.8,918.6,227.4,1389.6,7534.4,473.5,7060.9,3449.6,4.5,470.2,3924.3,470.2,3136.6,55.6,safe,
168,MH,MH17,MH170400,Nagpur,Kamtee,37523,37523,2501.7,642.1,91.3,1795.5,5030.7,264.2,4766.5,1683.3,92.4,613.4,2389.1,613.4,2377.4,50.1,safe,
169,MH,MH17,MH170500,Nagpur,Katol,55293,55293,5870.4,998.4,300.9,2618,9787.8,554.5,9233.3,5266.2,4.8,939.2,6210.1,939.2,3023.2,67.3,safe,
170,MH,MH17,MH170600,Nagpur,Kuhi,74997,74997,5735.1,365.9,96.8,843.4,7041.2,352.1,6689.1,3114.2,5.7,672.8,3792.6,672.8,2896.5,56.7,safe,
171,MH,MH17,MH170700,Nagpur,Mouda,75358,75358,4565.3,1858.6,192.8,4641.8,11258.5,562.9,10695.6,1893.4,5.8,1041.9,2941,1041.9,7754.6,27.5,safe,
172,MH,MH17,MH170800,Nagpur,Nagpur Rural,47248,47248,4628.5,338.3,196.3,695,5858.1,315.5,5542.5,1901.2,20.4,596.3,2517.9,596.3,3024.6,45.4,safe,
173,MH,MH17,MH170900,Nagpur,Narkhed,64323,64323,6529.4,883.2,352.3,2350.2,10115.1,597.7,9517.4,5159.5,0.3,868.5,6028.2,868.5,3489.2,63.3,safe,
174,MH,MH17,MH171000,Nagpur,Parshioni,53651,53651,3497,1163.7,142.8,3166,7969.5,469.6,7500,1886.4,5.1,818.4,2709.8,818.4,4790.1,36.1,safe,
175,MH,MH17,MH171100,Nagpur,Ramtek,63271,63271,4462.5,652.3,162.1,1177.8,6454.8,326.1,6128.7,1402.2,1.8,888.8,2292.8,888.8,3835.9,37.4,safe,
176,MH,MH17,MH171200,Nagpur,Saoner,56237,56237,3568.9,573.5,174.2,1138,5454.7,380.1,5074.6,2707.8,43.8,654.2,3405.8,654.1,1668.8,67.1,safe,
177,MH,MH17,MH171300,Nagpur,Umred,82492,82492,7857.1,910.1,183.9,1222,10173.2,570.3,9602.8,2338.3,21.5,1064.4,3424.2,1064.4,6178.6,35.7,safe,
178,MH,MH17,MH171400,Nagpur,Nagpur Urban,22457,22457,1456.7,568,73.6,1607.8,3706,185.4,3520.7,623.3,133.8,344.8,1101.9,344.8,2418.7,31.3,safe,
179,MH,MH18,MH180100,Nanded,Ardhapur,28176,28176,2637.7,16,91.2,1435.3,4180.2,209,3971.2,2242.4,0,78.8,2321.2,78.8,1650,58.5,safe,
"Sl.No","Statecode","StateDistrictCode","StateDistrictBlockCode",District,"Assessment UnitName","TotalGeographicalArea","RechargeWorthyArea","RechargefromRainfall-Monsoon","Rechargefrom OtherSources-Monsoon","RechargefromRainfall-Non-Monsoon","Rechargefrom OtherSources-Non-Monsoon","TotalAnnualGroundWater(Ham)Recharge","Total NaturalDischarges(Ham)","AnnualExtractableGroundWaterResource(Ham)","IrrigationUse (Ham)","IndustrialUse (Ham)","DomesticUse (Ham)","TotalExtraction(Ham)","Annual GWAllocationforDomesticUse as on2025  (Ham)","Net GroundWaterAvailabilityfor futureuse  (Ham)","Stage ofGroundWaterExtraction(%)","Categorization(OE/Critical/Semi critical/Safe)"
180,MH,MH18,MH180200,Nanded,Bhokar,63026,63026,5930.6,63.7,210.8,761.4,6966.5,348.3,6618.1,2092.9,0,115.6,2208.6,115.6,4409.6,33.4,safe
181,MH,MH18,MH180300,Nanded,Biloli,58037,58037,5602,20.1,405.3,684.4,6711.8,335.6,6376.2,1126.8,0,222.4,1349.3,222.4,5026.9,21.2,safe
182,MH,MH18,MH180400,Nanded,Degloor,66590,66590,6172.7,56.2,358.1,554.4,7141.4,366.1,6775.3,1851.7,0.6,520.9,2373.2,520.9,4402.1,35,safe
183,MH,MH18,MH180500,Nanded,Dharmabad,33537,33537,3986.6,8.7,192.4,187.6,4375.3,218.8,4156.5,553,0,80.9,634,80.9,3522.6,15.3,safe
184,MH,MH18,MH180600,Nanded,Hadgaon,100411,100411,11069,134.6,324.6,2562.3,14090.5,704.5,13385.9,4845.5,0,298.5,5144.1,298.5,8241.8,38.4,safe
185,MH,MH18,MH180700,Nanded,Himataytnahar,49896,49896,4904.7,100.5,162.1,635.1,5802.3,290.1,5512.2,1955.6,0,89.4,2044.9,89.4,3467.2,37.1,safe
186,MH,MH18,MH180800,Nanded,Kandhar,77962,77962,8876.3,64.7,271.5,1226.3,10438.8,521.9,9916.8,2428.4,0,209.6,2638,209.6,7278.8,26.6,safe
187,MH,MH18,MH180900,Nanded,Kinwat,147562,147562,14911.7,249.9,115.3,1834.6,17111.5,855.6,16256,3491.6,0,301.6,3793.1,301.5,12462.9,23.3,safe
188,MH,MH18,MH181000,Nanded,Loha,84955,84955,9174.8,73,349.9,1487.7,11085.4,554.3,10531.2,3099.2,0,218.6,3317.8,218.6,7213.3,31.5,safe
189,MH,MH18,MH181100,Nanded,Mahur,49818,49818,4899.4,67.7,22.8,572.4,5562.3,278.1,5284.2,1968.4,0,104.8,2073.1,104.8,3211,39.2,safe
190,MH,MH18,MH181200,Nanded,Mudkhed,32394,32394,2992,18.6,99.8,1022.8,4133.2,206.7,3926.6,2026.9,0,64.5,2091.4,64.5,1835.2,53.3,safe
191,MH,MH18,MH181300,Nanded,Mukhed,87594,87594,7952.4,101.5,472,873,9398.9,469.9,8929,2050.3,0.6,305.9,2356.7,305.9,6595.4,26.4,safe
192,MH,MH18,MH181400,Nanded,Naigaon,56560,56560,5397.3,27.6,376.6,1590.5,7392,369.6,7022.4,1872.1,0,163.4,2035.5,163.4,4986.9,29,safe
193,MH,MH18,MH181500,Nanded,Nanded,40633,40633,4480.2,19.7,129.6,1630.3,6259.8,313,5946.8,2068.2,0,464.6,2532.8,464.6,3414,42.6,safe
194,MH,MH18,MH181600,Nanded,Umari,40620,40620,4280.5,15.9,136.9,525.9,4959.2,248,4711.2,1192,0,146.5,1338.6,146.5,3372.6,28.4,safe
195,MH,MH19,MH190100,Nandurbar,Akkalkuva,41428,41428,4211,173.4,0,689.7,5074.1,253.7,4820.4,1384.3,0,479.7,1864,479.7,2956.4,38.7,safe
196,MH,MH19,MH190200,Nandurbar,Akrani,37951,37951,3407.1,181,0,353,3941.1,197,3744.1,697.7,0,346.4,1044.1,346.4,2700,27.9,safe
197,MH,MH19,MH190300,Nandurbar,Nandurbar,98370,98370,9164.2,704.5,0,2484.1,12352.8,671.4,11681.4,5710.4,0,473.3,6183.7,473.3,5497.7,52.9,safe
198,MH,MH19,MH190400,Nandurbar,Nawapur,90952,90952,10005.3,1053.1,0,3296.9,14355.3,774.1,13581.2,4076.8,0,759.9,4836.7,759.9,8744.5,35.6,safe
199,MH,MH19,MH190500,Nandurbar,Shahada,113802,113802,9826.2,630.4,0,1603.8,12060.5,676.2,11384.3,4114.9,0,600.1,4715.1,600.1,6669.2,41.4,safe
200,MH,MH19,MH190600,Nandurbar,Taloda,32775,32775,3286.3,126.5,0,638.8,4051.7,202.6,3849.1,1513.4,0,332.2,1845.6,332.2,2003.5,47.9,safe
201,MH,MH20,MH200100,Nashik,Baglan Satana,132843,132843,8313.9,1090.3,587.5,3520.1,13511.8,826.5,12685.3,9906.6,4,262.3,10172.9,262.3,2986.5,80.2,semi_critical
202,MH,MH20,MH200200,Nashik,Chandwad,79776,79776,6454.3,1132.8,220.2,3935.4,11742.7,728.2,11014.5,8732.1,13.9,182.6,8928.6,182.6,2296.9,81.1,semi_critical
203,MH,MH20,MH200300,Nashik,Deola,50983,50983,3655.2,753.9,133.2,2263.7,6805.9,340.3,6465.6,5489.6,1.4,193.4,5684.4,193.4,1229.9,87.9,semi_critical
204,MH,MH20,MH200400,Nashik,Dindori,90388,90388,8380.4,600.6,67.3,3226.7,12274.9,685.7,11589.2,6561.1,362.2,254.8,7178,254.8,4485.9,61.9,safe
205,MH,MH20,MH200500,Nashik,Igatpuri,66295,66295,15780.6,340,35.2,1518.7,17674.4,910.6,16763.9,3946.5,64.6,197,4208.1,197,12555.8,25.1,safe
206,MH,MH20,MH200600,Nashik,Kalwan,61064,61064,5987.8,652.3,262.8,1305.3,8208.2,416.3,7791.9,4645.8,0.7,174.5,4821,174.5,2970.9,61.9,safe
207,MH,MH20,MH200700,Nashik,Malegaon,158540,158540,10811.7,2430.4,622,6103.2,19967.3,1018.8,18948.5,10832.6,113.5,360.7,11306.9,360.7,8278.3,59.7,safe
208,MH,MH20,MH200800,Nashik,Nandgaon,108456,108456,8288.6,588.2,420.5,1604.3,10901.6,553.6,10348,5560.8,166.6,232,5959.4,232,4409.8,57.6,safe
209,MH,MH20,MH200900,Nashik,Nasik,73730,73730,6243.2,1775.2,78.6,7616.7,15713.7,1194.2,14519.5,6122,66.3,196.6,6384.9,196.6,8304.3,44,safe
210,MH,MH20,MH201000,Nashik,Niphad,112934,112934,8839,1415.8,343.6,7191.8,17790.1,1065,16725.2,15402.9,125.5,375.2,15903.5,375.2,2753.5,95.1,critical
211,MH,MH20,MH201100,Nashik,Peth,49647,49647,9592.4,235.1,0,867,10694.5,552.6,10141.9,362.2,0,175.5,537.7,175.5,9604.2,5.3,safe
212,MH,MH20,MH201200,Nashik,Sinnar,126789,126789,10058.7,1883.6,713,5377.5,18032.8,960.1,17072.8,15479.2,246.1,295.2,16020.4,295.2,2650.4,93.8,critical
213,MH,MH20,MH201300,Nashik,Surgana,72303,72303,11306.6,579.8,0,646.3,12532.7,626.6,11906,1266.1,2.9,209.6,1478.6,209.6,10427.4,12.4,safe
214,MH,MH20,MH201400,Nashik,Trambakeshwar,68122,68122,11268.7,291.2,8.5,401,11969.5,602.4,11367.1,1074.4,3.7,224.7,1302.7,224.7,10064.3,11.5,safe
215,MH,MH20,MH201500,Nashik,Yeola,96986,96986,7386.2,1234.3,364.1,4108.7,13093.3,662.1,12431.1,9264.5,31,259.7,9555.2,259.7,3046.9,76.9,semi_critical
216,MH,MH21,MH210100,Osmanabad,Bhoom,43220,43220,3403.1,419.1,88.4,917,4827.5,241.4,4586.1,2816.2,0.1,126.7,2943,126.7,1643.1,64.2,safe
217,MH,MH21,MH210200,Osmanabad,Kalamb,85658.4,85658.4,6564.6,907.9,728.2,2207.9,10408.6,520.4,9888.2,6443.1,0.2,340.7,6783.9,340.7,3104.2,68.6,safe
218,MH,MH21,MH210300,Osmanabad,Lohara,48285,48285,4974.7,681.9,270,1453.5,7380.1,369,7011.1,3835.7,0,170.6,4006.3,170.6,3005.5,57.1,safe
219,MH,MH21,MH210400,Osmanabad,Omerga,89487,89487,9064.1,1164.8,576.2,2484.5,13289.6,664.5,12625.1,6670.2,0,334.9,7005.1,334.9,5620.1,55.5,safe
220,MH,MH21,MH210500,Osmanabad,Osmanabad,118844,118844,11349.4,2611.1,0,4833.7,18794.2,946.6,17847.6,11151.8,0,429.7,11581.5,429.7,6445.5,64.9,safe
221,MH,MH21,MH210600,Osmanabad,Paranda,98394,98394,7333.2,659.2,187.4,1653.8,9833.6,491.7,9341.9,5238,0,237.9,5476,237.9,3865.9,58.6,safe
222,MH,MH21,MH210700,Osmanabad,Tuljapur,134221,134221,13336.8,1341.8,561.2,2792.8,18032.7,938.1,17094.6,8144.6,0.3,490.2,8635.1,490.2,8459.4,50.5,safe
223,MH,MH21,MH210800,Osmanabad,Washi,53518.6,53518.6,5018.9,357.5,172.2,1070.9,6619.4,331,6288.5,3973.1,0.2,185.1,4158.4,185.1,2130.1,66.1,safe
224,MH,MH22,MH220100,Palghar,Dahanu,52734,52734,3366.3,36.4,0,1106.5,4509.2,246.3,4263,1149.1,4.6,190.9,1344.5,190.9,2918.4,31.5,safe
225,MH,MH22,MH220200,Palghar,Jawhar,32747,32747,2418.4,64,0,256.1,2738.5,177.3,2561.3,192.7,1.3,90.8,284.7,90.8,2276.5,11.1,safe
226,MH,MH22,MH220300,Palghar,Mokhada,17627,17627,1158.2,49.9,0,185.7,1393.8,69.7,1324.1,122.2,2.7,62.9,187.8,63,1136.3,14.2,safe
227,MH,MH22,MH220400,Palghar,Palghar,58251,58251,3845.4,125.1,0,1370.2,5340.7,346.6,4994,1099.3,11.5,270.6,1381.3,270.6,3612.7,27.7,safe
228,MH,MH22,MH220500,Palghar,Talasari,18518,18518,991.6,9.3,0,69.7,1070.7,53.5,1017.1,241.7,3,79.6,324.2,79.6,692.9,31.9,safe
229,MH,MH22,MH220600,Palghar,Vasai,32750,32750,1684.9,7.3,0,150.8,1842.9,92.2,1750.8,574.1,5.7,85.5,665.3,85.5,1085.5,38,safe
230,MH,MH22,MH220700,Palghar,Vikramgad,28840,28840,2513.8,34.5,0,208.4,2756.7,245.3,2511.4,303.7,3,102.7,409.4,102.7,2101.9,16.3,safe
231,MH,MH22,MH220800,Palghar,Wada,34619,34619,2353.3,39,0,99.9,2492.2,159.8,2332.4,246.4,12.1,134.3,392.8,134.3,1939.6,16.8,safe
232,MH,MH23,MH230100,Parbhani,Gangakhed,51836,51836,3762.7,269.4,0,4679.2,8711.3,435.6,8275.7,3086.2,0,311.9,3398.1,311.9,4877.7,41.1,safe
233,MH,MH23,MH230200,Parbhani,Jintur,127004,127004,11704.6,435.9,188.9,6577.7,18907.1,945.4,17961.7,6708.2,0,256.2,6964.4,256.2,10997.3,38.8,safe
234,MH,MH23,MH230300,Parbhani,Manwat,46817,46817,5051.2,227.1,0,1688.4,6966.7,348.3,6618.4,2802.3,0,128,2930.3,128,3688.1,44.3,safe
235,MH,MH23,MH230400,Parbhani,Palam,50884,50884,4645.3,90.2,0,1287,6022.4,301.1,5721.3,2928.7,0,138.7,3067.4,138.7,2653.9,53.6,safe
236,MH,MH23,MH230500,Parbhani,Parbhani,113532,113532,10008.1,284.9,360,3294.4,13947.4,697.4,13250.1,6249.1,0,384.1,6633.2,384.1,6616.8,50.1,safe
237,MH,MH23,MH230600,Parbhani,Pathari,57963,57963,6453.8,102.3,0,1578.5,8134.7,406.7,7728,3787.2,0,194.9,3982.1,194.9,3745.9,51.5,safe
238,MH,MH23,MH230700,Parbhani,Purna,65182,65182,6761.2,52,29.9,5147,11990.1,599.5,11390.6,4881,0,248.1,5129,248.1,6261.6,45,safe
239,MH,MH23,MH230800,Parbhani,Selu,72703,72703,7120.8,295.4,23.5,1287.1,8726.8,436.3,8290.5,3954.5,0,187,4141.5,187,4149,50,safe
240,MH,MH23,MH230900,Parbhani,Sonpepth,35479,35479,3183.7,87.6,0,591.9,3863.1,193.1,3669.9,1815.2,0,101.3,1916.4,101.3,1753.5,52.2,safe
241,MH,MH24,MH240100,Pune,Ambegaon,78670.72,78670.72,6845.2,727.7,1.8,4120.8,11695.5,746.5,10949.1,8343,0,452.3,8795.2,452.3,3015.6,80.3,semi_critical
242,MH,MH24,MH240200,Pune,Baramati,137784.67,137784.67,6634.9,6196.1,493.3,14507.3,27831.6,2434.1,25397.5,16426.9,0,486.3,16913.2,501.8,9833.6,66.6,safe
243,MH,MH24,MH240300,Pune,Bhor,34070.24,34070.24,2911.1,143.8,18.4,761.5,3834.7,227.4,3607.3,1402.8,0,270.6,1673.3,270.6,1934,46.4,safe
244,MH,MH24,MH240400,Pune,Daund,126393.01,126393.01,6224.5,2295.8,273.1,8358,17151.5,1222.6,15928.9,10935.8,0,472.7,11408.5,562.4,4918.4,71.6,semi_critical
245,MH,MH24,MH240500,Pune,Haveli,110053.65,110053.65,8447.7,834.8,0,2919.9,12202.4,721.3,11481.1,6158.4,0,921,7079.4,921,4464.1,61.7,safe
246,MH,MH24,MH240600,Pune,Indapur,146762.11,146762.11,7097.1,4669.8,9.8,17486.6,29263.3,2840.3,26423,17147.9,0,1181.5,18329.5,1427.7,9497.6,69.4,safe
247,MH,MH24,MH240700,Pune,Junnar,109757.44,109757.44,8905.5,1482.3,48.3,5842.5,16278.5,985,15293.5,11974,0,544.1,12518.1,544.1,3472.9,81.9,semi_critical
248,MH,MH24,MH240800,Pune,Khed,128314.69,128314.69,10263.6,915.6,0,2934.2,14113.3,772.6,13340.8,9489.7,0,1046.1,10535.7,1046.1,3239,79,semi_critical
249,MH,MH24,MH240900,Pune,Maval,78615.53,78615.53,8038.9,168.5,0,787.1,8994.5,493.7,8500.7,1493.6,0,398,1891.5,398,6609.2,22.3,safe
250,MH,MH24,MH241000,Pune,Mulshi,44401.58,44401.58,7597.7,159.1,0,809.8,8566.5,606.9,7959.6,841.5,0,722.7,1564.2,722.7,6395.4,19.7,safe
251,MH,MH24,MH241100,Pune,Purandhar,97519.25,97519.25,5624.7,6932.4,347,10465,23369.1,2198.5,21170.6,10511.4,0,343,10854.4,344.8,11382.7,51.3,safe
252,MH,MH24,MH241200,Pune,Shirur,148690.7,148690.7,9348.1,1349.5,0.9,4385.3,15083.8,882,14201.8,12797.7,0,973.7,13771.4,973.7,1614.6,97,critical
253,MH,MH24,MH241300,Pune,Velhe,23194.43,23194.43,5140.4,67,0,149.9,5357.4,381.9,4975.5,293.3,0,156.3,449.6,156.3,4525.9,9,safe
254,MH,MH24,MH241400,Pune,Pune City,11500,11500,1001.1,74.1,0,232.3,1307.6,77.7,1229.9,450.5,0,172.7,623.2,172.7,606.7,50.7,safe
255,MH,MH25,MH250100,Raigad,Alibag,25313,25313,2803.7,6.2,0,505,3314.8,166.5,3148.4,992.9,0,231.5,1224.3,231.5,1924.1,38.9,safe
256,MH,MH25,MH250200,Raigad,Karjat,38139,38139,2182.1,30.7,0,685.4,2898.2,170.2,2727.9,102.2,0,127.6,229.9,127.7,2498.1,8.4,safe
257,MH,MH25,MH250300,Raigad,Khalapur,31561,31561,3785.4,33.9,0,164.8,3984,200.8,3783.3,179.4,0,166,345.4,166,3437.8,9.1,safe
258,MH,MH25,MH250400,Raigad,Mahad,27363,27363,2189.2,14,0,144.9,2348.1,120.1,2228,197.6,0,178.4,376.1,178.5,1851.9,16.9,safe
259,MH,MH25,MH250500,Raigad,Mangaon,51136,51136,3867.4,10.7,0,536.6,4414.7,222.3,4192.4,195.8,0,185,380.9,185,3811.5,9.1,safe
260,MH,MH25,MH250600,Raigad,Mhasala,14830,14830,1123,7.3,0,230.9,1361.3,70,1291.3,460,0,71.6,531.6,71.6,759.6,41.2,safe
261,MH,MH25,MH250700,Raigad,Murud,12589,12589,953.1,4.6,0,367.5,1325.2,67.7,1257.5,248.2,0,48,296.3,48,961.2,23.6,safe
262,MH,MH25,MH250800,Raigad,Panvel,35584,35584,2953.5,14.1,0,206.6,3174.1,162.9,3011.2,481.1,0,378.2,859.3,378.2,2151.9,28.5,safe
263,MH,MH25,MH250900,Raigad,Pen,22164,22164,2476.7,19.7,0,93.6,2590,131.5,2458.5,129.7,0,105.5,235.2,105.5,2223.3,9.6,safe
264,MH,MH25,MH251000,Raigad,Poladpur,11559,11559,873.9,3.1,0,25.2,902.2,45.1,857.1,40.7,0,93.3,134,93.3,723.1,15.6,safe
265,MH,MH25,MH251100,Raigad,Roha,40981,40981,3086,15.7,0,1582.9,4684.6,236.2,4448.4,321.6,0,131.1,452.8,131.1,3995.6,10.2,safe
266,MH,MH25,MH251200,Raigad,Shriwardhan,12528,12528,948.4,6.6,0,238.4,1193.4,61,1132.4,400.9,0,61.2,462.1,61.2,670.3,40.8,safe
267,MH,MH25,MH251300,Raigad,Sudhagad,25712,25712,2441.6,18.2,0,290,2749.8,140.3,2609.4,155.7,0,106.2,261.9,106.2,2347.5,10,safe
268,MH,MH25,MH251400,Raigad,Tala,8194,8194,621.4,4.7,0,79.2,705.3,37.2,668.1,217.6,0,36.9,254.6,36.9,413.5,38.1,safe
269,MH,MH25,MH251500,Raigad,Uran,17106,17106,2401.7,3.6,0,41.3,2446.5,122.3,2324.2,104.2,0,62.1,166.4,62.1,2157.8,7.2,safe
270,MH,MH26,MH260100,Ratnagiri,Chiplun,79261,79261,5889.3,29.3,0,362.1,6280.7,314,5966.7,582.8,0,164.4,747.2,164.4,5219.4,12.5,safe
271,MH,MH26,MH260200,Ratnagiri,Dapoli,40731,40731,3079.3,15.9,0,302.8,3398,169.9,3228.1,741.3,0,123.1,864.4,123.1,2363.6,26.8,safe
272,MH,MH26,MH260300,Ratnagiri,Guhagar,57545,57545,3829.8,26.2,0,286.7,4142.7,207.1,3935.5,1049.8,0,137.8,1187.6,137.8,2748,30.2,safe
273,MH,MH26,MH260400,Ratnagiri,Khed,73065,73065,5523.7,10.7,0,186.9,5721.3,286.1,5435.3,523.5,0,144.7,668.1,144.7,4767.2,12.3,safe
"","Sl.No","Statecode","StateDistrictCode","StateDistrictBlockCode",District,"Assessment UnitName","TotalGeographicalArea","RechargeWorthyArea","RechargefromRainfall-Monsoon","Rechargefrom OtherSources-Monsoon","RechargefromRainfall-Non-Monsoon","Rechargefrom OtherSources-Non-Monsoon","TotalAnnualGroundWater(Ham)Recharge","Total NaturalDischarges(Ham)","AnnualExtractableGroundWaterResource(Ham)","IrrigationUse (Ham)","IndustrialUse (Ham)","DomesticUse (Ham)","TotalExtraction(Ham)","Annual GWAllocationforDomesticUse as on2025  (Ham)","Net GroundWaterAvailabilityfor futureuse  (Ham)","Stage ofGroundWaterExtraction(%)","Categorization(OE/Critical/Semi critical/Safe)"
"",274,MH,MH26,MH260500,Ratnagiri,Lanja,42631,42631,3146.9,25.4,12,371.2,3555.5,193.4,3362.1,374.7,0,142.5,517.2,142.5,2844.8,15.4,safe
"",275,MH,MH26,MH260600,Ratnagiri,Mandangad,26680,26680,2017,13.6,0,68.8,2099.4,105,1994.4,227.2,0,75.2,302.4,75.2,1692,15.2,safe
"",276,MH,MH26,MH260700,Ratnagiri,Rajapur,76472,76472,6632.8,24.2,3.6,264.9,6925.5,563.9,6361.6,691.2,0,228.5,919.7,228.5,5442,14.5,safe
"",277,MH,MH26,MH260800,Ratnagiri,Ratnagiri,50541,50541,3647,5.2,2.9,249.7,3904.8,195.2,3709.6,980.6,0,158.2,1138.8,158.2,2570.8,30.7,safe
"",278,MH,MH26,MH260900,Ratnagiri,Sangameshwar,64381,64381,4872.6,26.6,0,149.6,5048.9,252.5,4796.4,431.6,0,157.5,589.1,157.5,4207.3,12.3,safe
"",279,MH,MH27,MH270100,Sangli,Atpadi,84923,84923,3276.7,2290.8,1069.6,6375.6,13012.7,706.7,12305.9,6251.2,0,530.4,6781.5,530.4,5524.4,55.1,safe
"",280,MH,MH27,MH270200,Sangli,Jat,224761,224761,11756.5,3033.4,3955.2,8898.5,27643.5,1496,26147.5,15545.2,0,691.7,16237,691.7,10099.7,62.1,safe
"",281,MH,MH27,MH270300,Sangli,Kadegaon,56982,56982,3324.9,2756,647.8,8360,15088.6,1120.7,13967.9,7526.7,0,243.4,7770.1,243.4,6197.8,55.6,safe
"",282,MH,MH27,MH270400,Sangli,Kavathe Mahankal,74953,74953,3277.6,2155.2,1203,5563,12198.8,844.9,11353.9,7875.4,0,496,8371.5,496,3193.5,73.7,semi_critical
"",283,MH,MH27,MH270500,Sangli,Khanapur,50917.79,50917.79,2721.6,2742.6,812.3,7758,14034.6,1245,12789.6,3840.9,0,178.1,4019,178.1,8770.6,31.4,safe
"",284,MH,MH27,MH270600,Sangli,Miraj,95038,95038,4272.2,2196.8,1447.8,8986.6,16903.4,922.7,15980.7,8864.6,0,282.9,9147.5,312.3,6833.2,57.2,safe
"",285,MH,MH27,MH270700,Sangli,Palus,31212.04,31212.04,1456.1,1836.6,421.5,4308.7,8023,786.5,7236.5,2742.7,0,119.5,2862.3,119.5,4374.2,39.6,safe
"",286,MH,MH27,MH270800,Sangli,Shirala,58734.27,58734.27,3276.5,575.2,414.2,2357,6622.9,424.8,6198,1874,0,296.7,2170.7,296.7,4027.3,35,safe
"",287,MH,MH27,MH270900,Sangli,Tasgaon,89315.17,89315.17,4791.6,2949.9,1539.6,8667.3,17948.4,1338.3,16610.1,8031.4,0,243.4,8274.8,251.5,8335.4,49.8,safe
"",288,MH,MH27,MH271000,Sangli,Walwa,75921.97,75921.97,3953.1,1013.5,878.1,4001.9,9846.6,695.8,9150.8,4521.6,0,293.3,4814.9,294.6,4335.9,52.6,safe
"",289,MH,MH28,MH280100,Satara,Jaoli,55215,55215,3575.7,434.1,37.9,397.7,4445.3,237,4208.3,778.9,0,252.3,1031.2,252.3,3177.1,24.5,safe
"",290,MH,MH28,MH280200,Satara,Karad,88323,88323,5118,2696.1,357.9,4164.5,12336.4,680.9,11655.5,6840.9,0,814.4,7655.3,814.4,4126.8,65.7,safe
"",291,MH,MH28,MH280300,Satara,Khandala,45551,45551,2277.4,726.5,278.6,1636.3,4918.8,293,4625.8,2769.9,0,197.9,2967.8,197.9,1658,64.2,safe
"",292,MH,MH28,MH280400,Satara,Khatav,126905,126905,7086.3,1765.6,747.9,2839,12438.7,673,11765.7,8713.2,0,548.1,9261.3,548.1,2504.4,78.7,semi_critical
"",293,MH,MH28,MH280500,Satara,Koregaon,78698,78698,5894.7,2469.5,301.9,5056.5,13722.5,956.8,12765.7,6742.1,0,421.7,7163.9,421.7,5601.9,56.1,safe
"",294,MH,MH28,MH280600,Satara,Mahabaleshwar,6012,6012,149.5,29.5,0.5,40.6,220.2,11,209.2,109.5,0,21.7,131.2,21.7,78,62.7,safe
"",295,MH,MH28,MH280700,Satara,Man,142517,142517,8534.6,1976.5,1004.6,2703.5,14219.1,725.8,13493.3,10293.3,0,568.8,10862.1,568.8,2685.1,80.5,semi_critical
"",296,MH,MH28,MH280800,Satara,Patan,93138,93138,2005.7,650.7,49.9,620.2,3326.4,166.7,3159.7,1743.7,0,344.6,2088.3,344.6,1191,66.1,safe
"",297,MH,MH28,MH280900,Satara,Phaltan,110345,110345,5152.5,2848.4,626.9,8174.6,16802.4,1036.7,15765.7,10024.8,0,531.8,10556.5,531.8,5312.3,67,safe
"",298,MH,MH28,MH281000,Satara,Satara,78336,78336,8865.8,3514.7,316.4,7407.4,20104.4,1395.9,18708.5,7335.5,0,733.7,8069.2,733.7,10639.3,43.1,safe
"",299,MH,MH28,MH281100,Satara,Wai,52467,52467,3500.9,1659.5,21.7,3877.1,9059.2,719.1,8340.1,5298.5,0,419.7,5718.2,419.7,2621.8,68.6,safe
"",300,MH,MH29,MH290100,Sindhudurg,Devgad,48229.35,48229.35,3632.1,25.3,0,296.7,3954,197.7,3756.3,1074.1,0,379.6,1453.7,379.6,2302.6,38.7,safe
"",301,MH,MH29,MH290200,Sindhudurg,Doudamarg,11509.59,11509.59,579.6,10.6,0.7,76.4,667.3,33.4,634,272.3,0,82.3,354.6,82.3,279.3,55.9,safe
"",302,MH,MH29,MH290300,Sindhudurg,Kankavali,46940.58,46940.58,3853.5,36.2,0,308.1,4197.8,209.9,3987.9,1060,0,361.2,1421.2,361.2,2566.7,35.6,safe
"",303,MH,MH29,MH290400,Sindhudurg,Kudal,49252.15,49252.15,4185.2,41.3,0,626.5,4853,242.6,4610.4,1845.3,0,387,2232.3,387,2378,48.4,safe
"",304,MH,MH29,MH290500,Sindhudurg,Malwan,38108.97,38108.97,3202.5,11.6,0,274.9,3489.1,174.5,3314.6,1015,0,282.7,1297.7,282.7,2016.9,39.2,safe
"",305,MH,MH29,MH290600,Sindhudurg,Sawantwadi,44371.67,44371.67,2356,48.8,3,332.7,2740.5,144.7,2595.8,906.7,0,365.4,1272.1,365.4,1323.7,49,safe
"",306,MH,MH29,MH290700,Sindhudurg,Vaibhavvwadi,17782.87,17782.87,1360.6,6.4,0,132.2,1499.3,75,1424.3,501.8,0,184.3,686.2,184.3,738.1,48.2,safe
"",307,MH,MH29,MH290800,Sindhudurg,Vengurla,23110.32,23110.32,1721.6,16,0.1,204.2,1941.9,97.1,1844.8,753.7,0,180.9,934.6,180.9,910.1,50.7,safe
"",308,MH,MH30,MH300100,Solapur,Akkalkot,140705,140705,11594.7,562.1,259.2,1783.5,14199.6,799.7,13399.9,6980.3,0.4,496.7,7477.3,496.7,5922.6,55.8,safe
"",309,MH,MH30,MH300200,Solapur,Barshi,149562,149562,7586.1,850,75.6,2240.4,10752.1,537.6,10214.5,7633.3,0.1,465.2,8098.6,465.2,2115.9,79.3,semi_critical
"",310,MH,MH30,MH300300,Solapur,Karmala,165983,165983,9073.3,737.5,198,2166.8,12175.6,608.8,11566.8,7983.2,0,378,8361.2,378,3337.6,72.3,semi_critical
"",311,MH,MH30,MH300400,Solapur,Madha,155933,155933,10792.8,1570.3,238.3,4235.3,16836.7,841.8,15994.8,12333.6,0.2,512.6,12846.4,512.6,4033.8,80.3,semi_critical
"",312,MH,MH30,MH300500,Solapur,Malshiras,149299,149299,8691.3,1866.9,657.7,9430.3,20646.2,1032.3,19613.9,19183.8,0,613.7,19797.6,613.7,3408.1,100.9,over_exploited
"",313,MH,MH30,MH300600,Solapur,Mangalwedha,113510,113510,5226.2,833.3,103.9,3025,9188.4,599.2,8589.2,6466.1,0,300.9,6767,300.9,1824.3,78.8,semi_critical
"",314,MH,MH30,MH300700,Solapur,Mohol,136046,136046,7605.2,1705,194,5012,14516.2,725.8,13790.4,11470.8,0.2,479.7,11950.7,479.7,3051.6,86.7,semi_critical
"",315,MH,MH30,MH300800,Solapur,NSolapur,58927,58927,4708.7,385.5,101.3,1404.8,6600.2,330,6270.2,3997.8,1.3,210.9,4210,210.9,2082.5,67.1,safe
"",316,MH,MH30,MH300900,Solapur,Pandharpur,129010,129010,7914.7,1250,216.1,5871.8,15252.6,801.4,14451.1,10391.3,0,410.9,10802.2,410.9,4376.8,74.7,semi_critical
"",317,MH,MH30,MH301000,Solapur,SSolapur,108415,108415,8829.2,388,210.7,1692,11119.9,561.5,10558.4,6355.1,0.4,362.9,6718.5,362.9,3857.1,63.6,safe
"",318,MH,MH30,MH301100,Solapur,Sangola,176500,176500,9817.2,1122.3,699.2,3586.8,15225.5,819.6,14405.9,10103.1,0,621.5,10724.7,621.5,3681.2,74.4,semi_critical
"",319,MH,MH31,MH310100,Thane,Ambarnath,26980,26980,1643.2,35.9,0,143.1,1822.2,95.8,1726.4,286.6,0,66.4,352.9,66.4,1373.5,20.4,safe
"",320,MH,MH31,MH310200,Thane,Bhivandi,40634,40634,2538.7,49.1,0,371.3,2959.2,160.4,2798.7,1007.1,0,131.5,1138.5,131.5,1660.2,40.7,safe
"",321,MH,MH31,MH310300,Thane,Kalyan,12643,12643,792.7,15.8,0,46.3,854.7,42.7,812,121.2,0,43.6,164.8,43.6,647.2,20.3,safe
"",322,MH,MH31,MH310400,Thane,Murbad,54378,54378,3324.8,77,0,347.1,3749,187.5,3561.5,211,0,137.4,348.4,137.4,3213.1,9.8,safe
"",323,MH,MH31,MH310500,Thane,Shahapur,75675,75675,5049.2,108.5,0,1257.5,6415.2,392.2,6023,517.3,0,204.9,722.1,204.9,5300.8,12,safe
"",324,MH,MH31,MH310600,Thane,Thane,21837,21837,1341.5,2.9,0,58.2,1402.6,70.1,1332.4,221.3,0,154.1,375.4,154.1,957.1,28.2,safe
"",325,MH,MH31,MH310700,Thane,Ulhasnagar,1300,1300,77.1,0.9,0,9.2,87.3,4.4,82.9,33.3,0,1.8,35.1,1.8,47.8,42.4,safe
"",326,MH,MH32,MH320100,Wardha,Arvi,79476,79476,6782.4,894,192.5,2775.7,10644.6,532.2,10112.4,4310,8,541,4859,541,5397,48.1,safe
"",327,MH,MH32,MH320200,Wardha,Ashti,45935,45935,4120.7,579.6,102.8,2121.5,6924.6,346.2,6578.4,3129.9,5.1,299.9,3434.9,299.9,3143.5,52.2,safe
"",328,MH,MH32,MH320300,Wardha,Deoli,68178,68178,7165.5,624.7,239,3280.5,11309.6,565.5,10744.1,3888.7,38,424.7,4351.4,424.7,6392.7,40.5,safe
"",329,MH,MH32,MH320400,Wardha,Hinganghat,91965,91965,9653.7,560.4,266.9,2619.6,13100.6,655,12445.6,5745.7,17.7,468.2,6231.6,468.2,6214,50.1,safe
"",330,MH,MH32,MH320500,Wardha,Karanja,60320,60320,5870,833.4,50.6,2345.2,9099.1,464,8635.1,5011.5,7.3,342.8,5361.6,342.8,3273.6,62.1,safe
"",331,MH,MH32,MH320600,Wardha,Samudrapur,92552,92552,10180.9,623.6,204.6,4098.2,15107.3,755.4,14351.9,5924.3,14.4,414.7,6353.4,414.7,7998.5,44.3,safe
"",332,MH,MH32,MH320700,Wardha,Seloo,64140,64140,5791,399.1,22.5,3905.8,10118.5,505.9,9612.6,4767.1,8.8,402,5177.8,402,4434.7,53.9,safe
"",333,MH,MH32,MH320800,Wardha,Wardha,78650,78650,7921.7,938.5,348.7,3944,13153,750.5,12402.6,6216.4,19.6,562.2,6798.2,562.3,5604.3,54.8,safe
"",334,MH,MH33,MH330100,Washim,Karanja,81886.56,81886.56,5909.3,619.4,1,1994.5,8524.3,476.2,8048,4880.4,0.9,425.1,5306.4,425.1,2741.6,65.9,safe
"",335,MH,MH33,MH330200,Washim,Malegaon,84643.08,84643.08,6542.5,846.9,44.6,2468.6,9902.6,495.1,9407.5,5297.5,4.3,325.1,5626.9,325.1,3780.6,59.8,safe
"",336,MH,MH33,MH330300,Washim,Mangrulpir,71008.53,71008.53,6737.7,1254.9,12.3,2911.8,10916.7,564,10352.7,4713,0.4,363,5076.4,363,5276.3,49,safe
"",337,MH,MH33,MH330400,Washim,Manora,70488.15,70488.15,6285.6,920,1.7,2704.6,9911.9,495.6,9416.3,4136.5,0.9,355.5,4493,355.5,4923.3,47.7,safe
"",338,MH,MH33,MH330500,Washim,Risod,84924.19,84924.19,9381.8,700.3,3.6,2640.3,12726,686.2,12039.8,7100.9,0.9,375.9,7477.7,375.9,4562.1,62.1,safe
"",339,MH,MH33,MH330600,Washim,Washim,88245.91,88245.91,7652.4,901.1,5.6,2682.7,11241.7,562.1,10679.7,5982.6,1.1,264.4,6248.1,264.4,4431.6,58.5,safe
"",340,MH,MH34,MH340100,Yawatmal,Arni,65767.39,65767.39,6043,105,299.9,2015.4,8463.3,433.3,8030,2588.2,0.2,443.7,3032.2,443.7,4997.8,37.8,safe
"",341,MH,MH34,MH340200,Yawatmal,Babulgaon,53129.15,53129.15,4438.2,160.7,471.2,580.8,5651,283.6,5367.4,1756,0.4,570.7,2327.1,570.7,3040.2,43.4,safe
"",342,MH,MH34,MH340300,Yawatmal,Daravha,76872.21,76872.21,6416.2,339.3,405.6,1298.7,8459.8,472.3,7987.6,2998.7,0.4,612.1,3611.2,612.1,4376.3,45.2,safe
"",343,MH,MH34,MH340400,Yawatmal,Digras,46370.6,46370.6,4165.6,110,190.2,1200.1,5665.9,328.3,5337.6,2105.2,0.2,338.7,2444.1,338.7,2893.5,45.8,safe
"",344,MH,MH34,MH340500,Yawatmal,Ghatanji,75790.02,75790.02,6683.1,148.3,396.6,936.3,8164.3,408.2,7756.1,1320.8,0.1,411.9,1732.8,412,6023.3,22.3,safe
"",345,MH,MH34,MH340600,Yawatmal,Kalamb,62832.35,62832.35,5013.4,192.8,333.5,668,6207.7,361.9,5845.8,1953.3,1.7,431.2,2386.2,431.2,3459.6,40.8,safe
"",346,MH,MH34,MH340700,Yawatmal,Mahagaon,72193.56,72193.56,6020.7,229,333.4,1329.3,7912.4,410.3,7502.1,3647.3,0.2,456.4,4103.9,456.4,3398.2,54.7,safe
"",347,MH,MH34,MH340800,Yawatmal,Maregaon,57586.79,57586.79,3542,109.7,191.5,478.8,4322,237.1,4084.9,1197.2,1.4,208.1,1406.7,208.1,2679.5,34.4,safe
"",348,MH,MH34,MH340900,Yawatmal,Ner,63372.32,63372.32,4225.3,214.5,284.5,755.6,5479.9,276.5,5203.4,2300.6,0.3,548.4,2849.3,548.4,2354.1,54.8,safe
"",349,MH,MH34,MH341000,Yawatmal,Omarkhed,97835.73,97835.73,10618.2,233.8,424.7,2552.2,13829,875.5,12953.5,3939.7,2.3,540.5,4482.5,540.5,8471,34.6,safe
"",350,MH,MH34,MH341100,Yawatmal,Pandharkavada,69925.56,69925.56,5937,162.2,397.3,1016.6,7513,408.9,7104.1,1486.1,0.5,365.5,1852.2,365.5,5252,26.1,safe
"",351,MH,MH34,MH341200,Yawatmal,Pusad,98440.16,98440.16,8306.9,387.9,470.4,2865.7,12030.9,649.4,11381.5,4023.2,2.3,505.7,4531.3,505.7,6850.2,39.8,safe
"",352,MH,MH34,MH341300,Yawatmal,Ralegaon,68676.09,68676.09,5808.8,174,369.9,741.8,7094.5,496.7,6597.8,2001,7,525.4,2533.3,525.4,4064.5,38.4,safe
"",353,MH,MH34,MH341400,Yawatmal,Wani,80596.78,80596.78,7284,127.8,259.2,642.3,8313.4,415.7,7897.7,2062.1,3.3,408.4,2473.8,408.4,5423.9,31.3,safe
"",354,MH,MH34,MH341500,Yawatmal,Yeotmal,93283.95,93283.95,7259,338.4,737.3,1348.4,9683.1,500,9183.1,2928.4,2.2,795.8,3726.4,795.8,5456.6,40.6,safe
"",355,MH,MH34,MH341600,Yawatmal,Zara Zamani,61394.01,61394.01,5409.6,86.4,260.5,354.3,6110.8,309,5801.8,1032.7,0.5,474.1,1507.3,474.1,4296.5,26,safe
"",356,MH,MH35,MH350100,Mumbai,Mumbai,7004,7004,1365.1,104.7,0,85.7,1555.4,77.8,1477.7,0,60.8,619.4,680.1,619.4,797.5,46,safe
"",357,MH,MH36,MH360100,Mumbai Sub,Kurla,15165,15165,2731.2,110.9,0,90.7,2932.8,146.6,2786.1,0,29.8,595.9,625.7,595.9,2160.4,22.5,safe
"",358,MH,MH36,MH360200,Mumbai Sub,Borivali,14413,14413,2679.8,21.4,0,17.5,2718.7,135.9,2582.7,0,29.2,595.9,625.1,595.9,1957.7,24.2,safe
"",359,MH,MH36,MH360300,Mumbai Sub,Andheri,6916,6916,1501.9,0,0,0,1501.9,75.1,1426.8,0,23.3,595.9,619.2,595.9,807.6,43.4,safe
